x,y,vx,vy,m
2.0,0.0,-0.0,1.0,1.0
1.0000000000000002,1.7320508075688772,-0.8660254037844386,0.5000000000000001,1.0
-0.9999999999999996,1.7320508075688774,-0.8660254037844387,-0.4999999999999998,1.0
-2.0,2.4492935982947064e-16,-1.2246467991473532e-16,-1.0,1.0
-1.0000000000000009,-1.732050807568877,0.8660254037844385,-0.5000000000000004,1.0
1.0000000000000002,-1.7320508075688772,0.8660254037844386,0.5000000000000001,1.0
