x,y,vx,vy,m
-0.929076935857263,0.5141019661367774,-0.7419391355428826,-0.6791651936487422,5.757940807648774
-0.12876570089562311,-0.42307505091060427,0.9979032795813225,0.9030450576666169,2.9952459603828965
0.637895888798049,-0.2889802423477956,-0.23333235303698263,-0.037773308675589146,3.2683871125205597
