x,y,vx,vy,m
1.0,0.0,-0.0,1.0,1.0
0.30901699437494745,0.9510565162951535,-0.9510565162951535,0.30901699437494745,1.0
-0.8090169943749473,0.5877852522924732,-0.5877852522924732,-0.8090169943749473,1.0
-0.8090169943749475,-0.587785252292473,0.587785252292473,-0.8090169943749475,1.0
0.30901699437494723,-0.9510565162951536,0.9510565162951536,0.30901699437494723,1.0
0.0,0.0,-0.0,0.0,10.0
