x,y,vx,vy,m
2.0,0.0,-0.0,1.0,1.0
1.2469796037174672,1.5636629649360596,-0.7818314824680298,0.6234898018587336,1.0
-0.4450418679126287,1.9498558243636472,-0.9749279121818236,-0.22252093395631434,1.0
-1.801937735804838,0.8677674782351165,-0.43388373911755823,-0.900968867902419,1.0
-1.8019377358048383,-0.867767478235116,0.433883739117558,-0.9009688679024191,1.0
-0.4450418679126292,-1.9498558243636472,0.9749279121818236,-0.2225209339563146,1.0
1.2469796037174667,-1.5636629649360598,0.7818314824680299,0.6234898018587334,1.0
