x,y,vx,vy,m
-1.2438591765566849,1.1382420294632842,0.07304324249287708,-0.24305477514529983,27.30325807859906
0.7545132414870825,1.666264243572634,1.7161234830793157,-1.485186655105422,11.722600531978934
1.7449128631267894,-0.1067173437708937,-0.5109718725287453,-1.9145466134796418,26.650120209249224
0.15803979999510398,1.5956258388451268,-0.33418602366359496,-0.2898916280203343,25.0534273913077
-0.790577776697488,-1.6018128221236578,1.866567197124442,1.7550806220081996,11.852936581780716
